Run,RMSE_train,MAE_train,R2_train,RMSE_test,MAE_test,R2_test
10,1.8041310205379695,1.2867321678476595,0.9680881333886118,3.4371494121508244,2.689590512789213,0.9297271376673608
