c_d,ce_cs,ce_sg,f_q,f_sg,c_q,ca_sg,w,w/c,p_q,p_ts,p_sg,slump,c_sg,Predicted_c_cs
445.5501,2.9,50.5818,603.6861,3.22,203.4819,1.45,354.7862,0.41,193.1365,131.3971,1.5205,18.1242,12.8754,49.847946
277.7211,52.2671,3.2,247.7593,2.37,922.5305,2.84,342.1796,0.41,212.4888,611.0887,2.14,3.4561,13.1399,39.03708
